ХЉХ,1.250539025442001
ХЃХ,0.646830530401035
ПЉД,0.646830530401035
ЈСХ,0.4743423889607589
ЉХЃ,0.4312203536006899
ХЉП,0.38809831824062097
ХЧХ,0.38809831824062097
ЃХУ,0.344976282880552
ЦПЏ,0.344976282880552
ИХИ,0.344976282880552
ДТХ,0.344976282880552
ПЃХ,0.344976282880552
ХИЌ,0.344976282880552
ЃХЉ,0.344976282880552
ХИХ,0.301854247520483
ВЉЌ,0.301854247520483
ХЖХ,0.301854247520483
ЃЌЉ,0.301854247520483
ЌУЉ,0.301854247520483
ЉЌЃ,0.258732212160414
ЌЃХ,0.258732212160414
ХУД,0.258732212160414
ДЃП,0.258732212160414
ХЦП,0.258732212160414
ПЧХ,0.258732212160414
ХВЉ,0.258732212160414
ЧХЖ,0.258732212160414
УИХ,0.258732212160414
ЃХИ,0.258732212160414
ПЏД,0.258732212160414
ХЕЌ,0.258732212160414
ДЖХ,0.258732212160414
ХЛЌ,0.21561017680034494
ХУЌ,0.21561017680034494
ЌЛЌ,0.21561017680034494
ХНХ,0.21561017680034494
ИЌЉ,0.21561017680034494
ЌЉЌ,0.21561017680034494
УДЦ,0.21561017680034494
ЌЕХ,0.21561017680034494
ЉСЌ,0.21561017680034494
ХЃД,0.21561017680034494
ЃПЉ,0.21561017680034494
ЧЌЖ,0.21561017680034494
ЗДВ,0.21561017680034494
ДВД,0.21561017680034494
ЉПЦ,0.21561017680034494
ХИЈ,0.21561017680034494
ЧХЏ,0.21561017680034494
ЛЧД,0.21561017680034494
ЧДЖ,0.21561017680034494
ДЛЧ,0.21561017680034494
РЈЃ,0.21561017680034494
ЈЃХ,0.21561017680034494
ЖЃХ,0.21561017680034494
ХЃП,0.21561017680034494
УЉП,0.21561017680034494
ЛЧЦ,0.21561017680034494
ЧЦП,0.21561017680034494
ЏДС,0.21561017680034494
ДЃД,0.21561017680034494
УПЃ,0.21561017680034494
ЌЉП,0.21561017680034494
ИХЉ,0.21561017680034494
ХТП,0.21561017680034494
СХЉ,0.21561017680034494
ЌЖЌ,0.21561017680034494
УДЧ,0.172488141440276
СХУ,0.172488141440276
ЃХТ,0.172488141440276
ХТХ,0.172488141440276
ЃУИ,0.172488141440276
УИЌ,0.172488141440276
ЦДЃ,0.172488141440276
ДСЌ,0.172488141440276
ЃПИ,0.172488141440276
ДИХ,0.172488141440276
ХЃЌ,0.172488141440276
ПУД,0.172488141440276
ХЉЌ,0.172488141440276
ХЕП,0.172488141440276
ЉХЕ,0.172488141440276
ХУП,0.172488141440276
ЉХК,0.172488141440276
ЃХД,0.172488141440276
ХСД,0.172488141440276
ЖХЦ,0.172488141440276
ЕЧХ,0.172488141440276
ПЉЌ,0.172488141440276
ЖЃП,0.172488141440276
ЕПЗ,0.172488141440276
ЌРЌ,0.172488141440276
ЦЉХ,0.172488141440276
ХЏЦ,0.172488141440276
ДТД,0.172488141440276
ЧХЉ,0.172488141440276
КХЦ,0.172488141440276
ЦЃП,0.172488141440276
ПЦЃ,0.172488141440276
ЦХС,0.172488141440276
ПИД,0.172488141440276
ЦХЃ,0.172488141440276
ЉДЃ,0.172488141440276
ЖХЕ,0.172488141440276
ПЃД,0.172488141440276
ЃДТ,0.172488141440276
ИЌР,0.172488141440276
ЉХЉ,0.172488141440276
ЉХУ,0.172488141440276
ЉПЉ,0.172488141440276
ПУЉ,0.172488141440276
ПЕЌ,0.172488141440276
ХНЖ,0.172488141440276
УЉХ,0.172488141440276
ХЛЧ,0.172488141440276
ПЌЉ,0.172488141440276
ТЧЉ,0.172488141440276
ЉЉХ,0.172488141440276
ЃХП,0.172488141440276
ЉЧХ,0.172488141440276
ЌУД,0.172488141440276
ТХР,0.172488141440276
ХРИ,0.172488141440276
РИХ,0.172488141440276
ПЃЌ,0.172488141440276
ХЕЧ,0.172488141440276
ДЖЃ,0.172488141440276
ТХН,0.172488141440276
ХСХ,0.172488141440276
ЃДР,0.172488141440276
ЃХЕ,0.172488141440276
ДРХ,0.172488141440276
УЉЃ,0.172488141440276
ДУЉ,0.172488141440276
ХЧЌ,0.129366106080207
ЌЉН,0.129366106080207
ЉНХ,0.129366106080207
ЛЌЉ,0.129366106080207
ДУЃ,0.129366106080207
УЦП,0.129366106080207
ЦПИ,0.129366106080207
ПИХ,0.129366106080207
ЛЌЦ,0.129366106080207
ТХИ,0.129366106080207
ХИД,0.129366106080207
ДЦД,0.129366106080207
ЃПД,0.129366106080207
ПЏЃ,0.129366106080207
ЏЃП,0.129366106080207
ПЧД,0.129366106080207
ЧДИ,0.129366106080207
ЖДР,0.129366106080207
УЉС,0.129366106080207
СЌЉ,0.129366106080207
ЉХЛ,0.129366106080207
ПОП,0.129366106080207
ОПУ,0.129366106080207
ХХЉ,0.129366106080207
ЉЌЖ,0.129366106080207
ЌЖЕ,0.129366106080207
ЌЧД,0.129366106080207
ЗЧХ,0.129366106080207
ХКП,0.129366106080207
КПЉ,0.129366106080207
ЕЦХ,0.129366106080207
УПЉ,0.129366106080207
ИХП,0.129366106080207
ЃХС,0.129366106080207
ШХЉ,0.129366106080207
ЉЌЧ,0.129366106080207
ЌЖЃ,0.129366106080207
ЃПЕ,0.129366106080207
ПЕП,0.129366106080207
ЧЌР,0.129366106080207
УДС,0.129366106080207
ЦЖХ,0.129366106080207
ЌЉХ,0.129366106080207
ЉХЧ,0.129366106080207
ЦПП,0.129366106080207
ДЗД,0.129366106080207
ЧХХ,0.129366106080207
ИЈН,0.129366106080207
ЈНТ,0.129366106080207
НТХ,0.129366106080207
ТХЃ,0.129366106080207
ЛХЖ,0.129366106080207
ХЖЃ,0.129366106080207
ДЃЌ,0.129366106080207
ЉЌР,0.129366106080207
ЌРУ,0.129366106080207
ДЕП,0.129366106080207
ЛЦХ,0.129366106080207
ДНХ,0.129366106080207
НХЃ,0.129366106080207
ДЉЌ,0.129366106080207
ЃХЧ,0.129366106080207
ЌЉС,0.129366106080207
ЌЃЌ,0.129366106080207
ЃЌП,0.129366106080207
ПНХ,0.129366106080207
ПНС,0.129366106080207
ХЖЌ,0.129366106080207
ЌИЌ,0.129366106080207
ЦЗХ,0.129366106080207
ЉХТ,0.129366106080207
УТЧ,0.129366106080207
ЃХР,0.129366106080207
ПУЌ,0.129366106080207
НПЃ,0.129366106080207
ПИЈ,0.129366106080207
ХЗЌ,0.129366106080207
ТПЧ,0.129366106080207
УДЛ,0.129366106080207
ЃДЖ,0.129366106080207
УХТ,0.129366106080207
ПСЌ,0.129366106080207
ПУП,0.129366106080207
ИЌУ,0.129366106080207
ПРХ,0.129366106080207
ХИЧ,0.129366106080207
ХСП,0.129366106080207
ЉЃХ,0.129366106080207
ЦДЖ,0.129366106080207
ЖХТ,0.129366106080207
ЃЌУ,0.129366106080207
ЉХХ,0.129366106080207
ЖХЉ,0.129366106080207
ХВХ,0.129366106080207
ХКХ,0.129366106080207
ЉПЕ,0.129366106080207
ИЌЦ,0.129366106080207
СЌР,0.129366106080207
РХЉ,0.129366106080207
ЗЌЧ,0.129366106080207
ЌСХ,0.129366106080207
ЗХЃ,0.129366106080207
ДЧЖ,0.086244070720138
ЧЖХ,0.086244070720138
ЖХЧ,0.086244070720138
НХЛ,0.086244070720138
ЛЌЏ,0.086244070720138
ЌЏЃ,0.086244070720138
ЃЈС,0.086244070720138
УЌЛ,0.086244070720138
ЌЉЧ,0.086244070720138
ЉЧД,0.086244070720138
ЧДУ,0.086244070720138
УЃХ,0.086244070720138
ХУЦ,0.086244070720138
ИХН,0.086244070720138
ЌЦЌ,0.086244070720138
ЗХЉ,0.086244070720138
ДЖЌ,0.086244070720138
ЖЌЃ,0.086244070720138
ЌЃУ,0.086244070720138
ЕХЦ,0.086244070720138
ХЖД,0.086244070720138
ЧХЃ,0.086244070720138
ЃЌЖ,0.086244070720138
ЃХЛ,0.086244070720138
ЛЌД,0.086244070720138
ЌДТ,0.086244070720138
ТХЉ,0.086244070720138
ХЛП,0.086244070720138
ЛПУ,0.086244070720138
ПУИ,0.086244070720138
ЃПО,0.086244070720138
УДУ,0.086244070720138
СЌЧ,0.086244070720138
ИХВ,0.086244070720138
ЉЌЉ,0.086244070720138
ДВИ,0.086244070720138
ВИХ,0.086244070720138
ИХЃ,0.086244070720138
УЧД,0.086244070720138
ХПТ,0.086244070720138
ХЕЦ,0.086244070720138
ЦХУ,0.086244070720138
ХДИ,0.086244070720138
ИЌЗ,0.086244070720138
ЌЗП,0.086244070720138
ПНЦ,0.086244070720138
ЦХЖ,0.086244070720138
ХЖЛ,0.086244070720138
ЖЛЌ,0.086244070720138
ЌЦП,0.086244070720138
ЦПШ,0.086244070720138
ПШХ,0.086244070720138
ЌЧЌ,0.086244070720138
ПЗД,0.086244070720138
ВДЊ,0.086244070720138
ДЊХ,0.086244070720138
ЊХЉ,0.086244070720138
ЦПЦ,0.086244070720138
РЌЖ,0.086244070720138
ЌЖУ,0.086244070720138
ЖУИ,0.086244070720138
ИЈЦ,0.086244070720138
ЈЦО,0.086244070720138
ЦОП,0.086244070720138
ДСЖ,0.086244070720138
СЖХ,0.086244070720138
УЈЦ,0.086244070720138
ЈЦЉ,0.086244070720138
ЏЦП,0.086244070720138
ППЛ,0.086244070720138
ПЛЧ,0.086244070720138
ДЖС,0.086244070720138
ЖСЧ,0.086244070720138
СЧД,0.086244070720138
ЧДТ,0.086244070720138
ТДЗ,0.086244070720138
ВДЛ,0.086244070720138
ЛЧХ,0.086244070720138
ПЦЖ,0.086244070720138
ЖХН,0.086244070720138
ХНЗ,0.086244070720138
НЗП,0.086244070720138
ЗПЧ,0.086244070720138
ХХЧ,0.086244070720138
ЏЦЈ,0.086244070720138
ЦЈЉ,0.086244070720138
ЈЉЗ,0.086244070720138
ЉЗД,0.086244070720138
ЗДН,0.086244070720138
ДНК,0.086244070720138
НКХ,0.086244070720138
ХЦЃ,0.086244070720138
ПЕЧ,0.086244070720138
ЃПУ,0.086244070720138
ХЦЉ,0.086244070720138
ЉХИ,0.086244070720138
ХИУ,0.086244070720138
СДЃ,0.086244070720138
ХЈЗ,0.086244070720138
ЕДЕ,0.086244070720138
ДЕХ,0.086244070720138
ЕХЉ,0.086244070720138
ЛЧЌ,0.086244070720138
ЗЌР,0.086244070720138
ЌРП,0.086244070720138
ИДЕ,0.086244070720138
ЕПЕ,0.086244070720138
ЛАХ,0.086244070720138
АХЏ,0.086244070720138
ХЏИ,0.086244070720138
ЌЉЛ,0.086244070720138
ЃПЃ,0.086244070720138
ПЃП,0.086244070720138
УДЕ,0.086244070720138
ПЖХ,0.086244070720138
ЌНЃ,0.086244070720138
НЃХ,0.086244070720138
ЦЌС,0.086244070720138
ЌСД,0.086244070720138
НХИ,0.086244070720138
ЧХИ,0.086244070720138
ХИЉ,0.086244070720138
ЉДЧ,0.086244070720138
ДЧП,0.086244070720138
ЧПУ,0.086244070720138
ЃХН,0.086244070720138
ЃХВ,0.086244070720138
ДВЉ,0.086244070720138
ВЉС,0.086244070720138
ЌПН,0.086244070720138
НСХ,0.086244070720138
НЖД,0.086244070720138
ДЦЗ,0.086244070720138
ЌЧП,0.086244070720138
ЌТХ,0.086244070720138
ДЃХ,0.086244070720138
ХУЉ,0.086244070720138
ЧХЛ,0.086244070720138
СЌС,0.086244070720138
СХС,0.086244070720138
ХСЌ,0.086244070720138
ХТЌ,0.086244070720138
ЌЉЉ,0.086244070720138
ЉДИ,0.086244070720138
ИЃХ,0.086244070720138
НХУ,0.086244070720138
ХУТ,0.086244070720138
ЧЉЉ,0.086244070720138
ХРЈ,0.086244070720138
ЌЉУ,0.086244070720138
ЉУД,0.086244070720138
УДВ,0.086244070720138
ДВП,0.086244070720138
ВПЧ,0.086244070720138
ПЧП,0.086244070720138
ЕЌЦ,0.086244070720138
ЌЦД,0.086244070720138
ЦДТ,0.086244070720138
ЗЧН,0.086244070720138
НСП,0.086244070720138
ИЈС,0.086244070720138
УЉЧ,0.086244070720138
ЧХС,0.086244070720138
ПДЉ,0.086244070720138
ЌНХ,0.086244070720138
НХВ,0.086244070720138
ЉЌИ,0.086244070720138
ЌИД,0.086244070720138
ЕЌН,0.086244070720138
ХЌЖ,0.086244070720138
ДТП,0.086244070720138
ЉЌУ,0.086244070720138
ЈУД,0.086244070720138
ДЦХ,0.086244070720138
ЊЧЦ,0.086244070720138
ЧЦХ,0.086244070720138
ЧДЃ,0.086244070720138
ХЃЃ,0.086244070720138
ЃЃД,0.086244070720138
ЌУХ,0.086244070720138
ТДЃ,0.086244070720138
ХПС,0.086244070720138
ДИЈ,0.086244070720138
ЏЈС,0.086244070720138
ЈСУ,0.086244070720138
СУЉ,0.086244070720138
ЗПЖ,0.086244070720138
ПЖД,0.086244070720138
ДРЅ,0.086244070720138
РЅП,0.086244070720138
ПЛЌ,0.086244070720138
ЉЛЌ,0.086244070720138
ЕЧД,0.086244070720138
ЖХИ,0.086244070720138
ДПН,0.086244070720138
НЖЧ,0.086244070720138
УЌУ,0.086244070720138
ЌЃП,0.086244070720138
ТЃЌ,0.086244070720138
ЃЌЕ,0.086244070720138
ЌЕЈ,0.086244070720138
ЌСП,0.086244070720138
ЌЛЧ,0.086244070720138
ЌЛП,0.086244070720138
ПВЈ,0.086244070720138
ВЈС,0.086244070720138
ЌЗХ,0.086244070720138
РХЖ,0.086244070720138
ЖЧХ,0.086244070720138
СХИ,0.086244070720138
ДЧЌ,0.086244070720138
ЦЃХ,0.086244070720138
ХРХ,0.086244070720138
РХЃ,0.086244070720138
ДРН,0.086244070720138
РНП,0.086244070720138
ЉХС,0.086244070720138
ЏЌЉ,0.086244070720138
ТПЦ,0.086244070720138
ПЦД,0.086244070720138
ЈЗЌ,0.086244070720138
ЗЌУ,0.086244070720138
ХХД,0.086244070720138
ДЛЌ,0.086244070720138
ЌРХ,0.086244070720138
ЉДУ,0.086244070720138
ДУД,0.086244070720138
ЦХВ,0.086244070720138
ВХЉ,0.086244070720138
ЉИЌ,0.086244070720138
СДУ,0.086244070720138
ЉЃЌ,0.086244070720138
ИЌЕ,0.086244070720138
ДЛХ,0.086244070720138
ЌЃД,0.086244070720138
ДСЕ,0.086244070720138
СЕЌ,0.086244070720138
ЕЌС,0.086244070720138
ЌСЌ,0.086244070720138
СПВ,0.086244070720138
ЉСХ,0.086244070720138
ЌЦХ,0.086244070720138
СПО,0.086244070720138
ПОХ,0.086244070720138
ОПЉ,0.086244070720138
ПЛЦ,0.086244070720138
ЖЌЉ,0.086244070720138
ХЉЛ,0.086244070720138
ЉСЧ,0.086244070720138
ЕЃХ,0.086244070720138
УСЌ,0.086244070720138
РЌЉ,0.086244070720138
ИЧП,0.086244070720138
ОПИ,0.086244070720138
ДИЌ,0.086244070720138
ЌНД,0.086244070720138
НДТ,0.086244070720138
ДЌЗ,0.086244070720138
ЌПЕ,0.086244070720138
ЕЌЧ,0.086244070720138
ХТЈ,0.086244070720138
ЖХС,0.086244070720138
ХУЃ,0.086244070720138
СХВ,0.086244070720138
ЃПС,0.086244070720138
ПСЃ,0.086244070720138
УЃЌ,0.086244070720138
ЕПЃ,0.086244070720138
ЉРЈ,0.086244070720138
ПЗЌ,0.086244070720138
ДЕЌ,0.086244070720138
СЌУ,0.086244070720138
НХЖ,0.086244070720138
ЌЖТ,0.086244070720138
ЖТХ,0.086244070720138
ЌЖХ,0.086244070720138
ЌЧХ,0.086244070720138
ЛЌС,0.086244070720138
ДЌЖ,0.086244070720138
ЧХТ,0.086244070720138
ИДЛ,0.086244070720138
ЌЉИ,0.086244070720138
ТПЃ,0.086244070720138
ЃЌЛ,0.086244070720138
ЏДУ,0.086244070720138
ЧЌЉ,0.043122035360069
ЏЃЈ,0.043122035360069
ЦЌК,0.043122035360069
ЌКЗ,0.043122035360069
КЗХ,0.043122035360069
ИДЖ,0.043122035360069
ПДС,0.043122035360069
СЌЕ,0.043122035360069
ПИП,0.043122035360069
ИПЧ,0.043122035360069
ИХЖ,0.043122035360069
ЖДД,0.043122035360069
ДДЦ,0.043122035360069
ДЦЌ,0.043122035360069
ЦЌО,0.043122035360069
ЌОП,0.043122035360069
ОПЧ,0.043122035360069
ЌЖД,0.043122035360069
ДРУ,0.043122035360069
РУЉ,0.043122035360069
ЌЉЃ,0.043122035360069
ЉЃП,0.043122035360069
ДУЦ,0.043122035360069
УЦЈ,0.043122035360069
ЦЈВ,0.043122035360069
ЈВХ,0.043122035360069
ВХХ,0.043122035360069
ЖЕХ,0.043122035360069
ПИС,0.043122035360069
ИСЌ,0.043122035360069
ЌЉД,0.043122035360069
ЉДВ,0.043122035360069
ЃДУ,0.043122035360069
ДУЧ,0.043122035360069
ЧДЅ,0.043122035360069
ДЅХ,0.043122035360069
ЅХЕ,0.043122035360069
ЕПН,0.043122035360069
ПНЗ,0.043122035360069
НЗЧ,0.043122035360069
ЧХП,0.043122035360069
ПТХ,0.043122035360069
ТХК,0.043122035360069
ЉДП,0.043122035360069
ДПК,0.043122035360069
ПКД,0.043122035360069
КДЃ,0.043122035360069
ЉДЉ,0.043122035360069
ДЉХ,0.043122035360069
ПЉХ,0.043122035360069
ХКЃ,0.043122035360069
КЃХ,0.043122035360069
ХПЃ,0.043122035360069
СДС,0.043122035360069
ДСХ,0.043122035360069
ХУХ,0.043122035360069
УХЦ,0.043122035360069
ХЦИ,0.043122035360069
ЦИЌ,0.043122035360069
ЗПН,0.043122035360069
НЦХ,0.043122035360069
ХЦЕ,0.043122035360069
ЦЕЧ,0.043122035360069
ПЦП,0.043122035360069
ПЦЧ,0.043122035360069
ЦЧЌ,0.043122035360069
ХЦЖ,0.043122035360069
ХЦУ,0.043122035360069
ЦУЈ,0.043122035360069
ЃПЧ,0.043122035360069
ПЧЌ,0.043122035360069
ПУЈ,0.043122035360069
ХЃР,0.043122035360069
ЃРЈ,0.043122035360069
ИУЦ,0.043122035360069
УЦХ,0.043122035360069
ДЃЛ,0.043122035360069
ЃЛХ,0.043122035360069
ЃХЈ,0.043122035360069
ЈЗП,0.043122035360069
ЗПД,0.043122035360069
ПДЃ,0.043122035360069
ЖЕД,0.043122035360069
РУД,0.043122035360069
ХЧЛ,0.043122035360069
ЧЛЧ,0.043122035360069
ЧЌЏ,0.043122035360069
ЌЏЈ,0.043122035360069
ЏЈЉ,0.043122035360069
ЈЉЛ,0.043122035360069
ЉЛХ,0.043122035360069
ХСЗ,0.043122035360069
СЗЌ,0.043122035360069
РПИ,0.043122035360069
ПЕХ,0.043122035360069
ЕХН,0.043122035360069
ХНП,0.043122035360069
НПЛ,0.043122035360069
ПЛА,0.043122035360069
ЏИХ,0.043122035360069
ХВЌ,0.043122035360069
ВЌЉ,0.043122035360069
ЉЛЦ,0.043122035360069
ЕХП,0.043122035360069
ХПЖ,0.043122035360069
ПЗЧ,0.043122035360069
РУЌ,0.043122035360069
ЛЌН,0.043122035360069
УЦЌ,0.043122035360069
ДЃУ,0.043122035360069
ИХХ,0.043122035360069
ХХЃ,0.043122035360069
ХЃЉ,0.043122035360069
ЃЉП,0.043122035360069
ЉДН,0.043122035360069
ИХЧ,0.043122035360069
ИЉД,0.043122035360069
ЉПЏ,0.043122035360069
ЏЃХ,0.043122035360069
ХВД,0.043122035360069
ВДЉ,0.043122035360069
ЖЃЌ,0.043122035360069
ЧДВ,0.043122035360069
СЌЃ,0.043122035360069
НХГ,0.043122035360069
ХГЌ,0.043122035360069
ГЌТ,0.043122035360069
ЌТД,0.043122035360069
ТДЧ,0.043122035360069
ДЧС,0.043122035360069
ЧСП,0.043122035360069
СПЖ,0.043122035360069
ПЖП,0.043122035360069
ЖПЕ,0.043122035360069
ЕЌП,0.043122035360069
СХЖ,0.043122035360069
ЖЌИ,0.043122035360069
НХЧ,0.043122035360069
ЧХН,0.043122035360069
ЖДЦ,0.043122035360069
ЃХГ,0.043122035360069
ХГД,0.043122035360069
ГДИ,0.043122035360069
ДИЉ,0.043122035360069
ИЉЌ,0.043122035360069
ЧПХ,0.043122035360069
ПХЃ,0.043122035360069
ХЃЖ,0.043122035360069
ЃЖЧ,0.043122035360069
ЖЧЌ,0.043122035360069
ЧЌТ,0.043122035360069
ТХГ,0.043122035360069
ХГХ,0.043122035360069
ГХЈ,0.043122035360069
ХЈЛ,0.043122035360069
ЈЛЌ,0.043122035360069
ЧДЗ,0.043122035360069
ЗДЃ,0.043122035360069
ХДП,0.043122035360069
ДПУ,0.043122035360069
ПЦУ,0.043122035360069
ЦУИ,0.043122035360069
ИХЊ,0.043122035360069
ХЊП,0.043122035360069
ЊПЕ,0.043122035360069
ПЕЈ,0.043122035360069
ЕЈЧ,0.043122035360069
ЈЧХ,0.043122035360069
ДСЃ,0.043122035360069
СЃѐ,0.043122035360069
ЃѐС,0.043122035360069
ѐСЌ,0.043122035360069
СДЖ,0.043122035360069
ДЖЈ,0.043122035360069
ЖЈС,0.043122035360069
СЌЛ,0.043122035360069
ЛЌЃ,0.043122035360069
ТЌВ,0.043122035360069
ЌВЃ,0.043122035360069
ВЃП,0.043122035360069
ЃПЌ,0.043122035360069
ЉЉД,0.043122035360069
ДИЃ,0.043122035360069
УЌЉ,0.043122035360069
УЌЕ,0.043122035360069
ЌЕЌ,0.043122035360069
ТХЗ,0.043122035360069
ХЗЧ,0.043122035360069
ЧНП,0.043122035360069
ХПЉ,0.043122035360069
ЌРЛ,0.043122035360069
РЛЧ,0.043122035360069
ДЖП,0.043122035360069
ЖПН,0.043122035360069
СПИ,0.043122035360069
СХЗ,0.043122035360069
ЗЌЦ,0.043122035360069
ЌЦИ,0.043122035360069
ЦИХ,0.043122035360069
ХПУ,0.043122035360069
ХСИ,0.043122035360069
СИХ,0.043122035360069
ИХР,0.043122035360069
ХРЃ,0.043122035360069
РЃХ,0.043122035360069
ЉЌН,0.043122035360069
ИДЃ,0.043122035360069
ЌРЖ,0.043122035360069
РЖХ,0.043122035360069
ВЉП,0.043122035360069
ПЉЈ,0.043122035360069
ЉЈС,0.043122035360069
СХЌ,0.043122035360069
ЌЖЉ,0.043122035360069
ЖЉЌ,0.043122035360069
ЌРЈ,0.043122035360069
РЈК,0.043122035360069
ЈКХ,0.043122035360069
КХУ,0.043122035360069
ПЧВ,0.043122035360069
ЧВЉ,0.043122035360069
ЧПТ,0.043122035360069
ПТД,0.043122035360069
ТДФ,0.043122035360069
ДФЈ,0.043122035360069
ФЈУ,0.043122035360069
ЉДЛ,0.043122035360069
ДСУ,0.043122035360069
СУД,0.043122035360069
ЧДЊ,0.043122035360069
ДЊЧ,0.043122035360069
ЉПС,0.043122035360069
ПСИ,0.043122035360069
СИП,0.043122035360069
ИПЌ,0.043122035360069
ЉПТ,0.043122035360069
ПТП,0.043122035360069
ДЃЖ,0.043122035360069
ЃЖЌ,0.043122035360069
ЖЌТ,0.043122035360069
ЌТС,0.043122035360069
ТСЌ,0.043122035360069
СЌИ,0.043122035360069
ЌРТ,0.043122035360069
РТХ,0.043122035360069
ЖХД,0.043122035360069
ХДЌ,0.043122035360069
ДЌУ,0.043122035360069
ХТД,0.043122035360069
СЌП,0.043122035360069
ЌПУ,0.043122035360069
ПУЏ,0.043122035360069
УЏД,0.043122035360069
ЏДИ,0.043122035360069
СХШ,0.043122035360069
ХШД,0.043122035360069
ШДЖ,0.043122035360069
ЖХУ,0.043122035360069
ДСЧ,0.043122035360069
СЧХ,0.043122035360069
ЉПУ,0.043122035360069
ЧДЉ,0.043122035360069
ДЉЏ,0.043122035360069
ЉЏЈ,0.043122035360069
ЉСЈ,0.043122035360069
СЈС,0.043122035360069
СХЃ,0.043122035360069
ЃДВ,0.043122035360069
ЧХВ,0.043122035360069
ХВЃ,0.043122035360069
ВЃЌ,0.043122035360069
ЃЌЗ,0.043122035360069
ЅПУ,0.043122035360069
УЌЃ,0.043122035360069
ЌЃЈ,0.043122035360069
СХЦ,0.043122035360069
ХЦХ,0.043122035360069
ЦХИ,0.043122035360069
ДЧЈ,0.043122035360069
ЧЈВ,0.043122035360069
ЈВП,0.043122035360069
ВПИ,0.043122035360069
ИЈЅ,0.043122035360069
ЈЅХ,0.043122035360069
ЅХЉ,0.043122035360069
ЉХП,0.043122035360069
ХПЛ,0.043122035360069
ЛЌЧ,0.043122035360069
ЌЧЃ,0.043122035360069
ЧЃХ,0.043122035360069
ЃДП,0.043122035360069
ПНЖ,0.043122035360069
ЖЧК,0.043122035360069
ЧКЈ,0.043122035360069
КЈС,0.043122035360069
ЌУТ,0.043122035360069
УТП,0.043122035360069
ДЃЉ,0.043122035360069
ЃЉЌ,0.043122035360069
ЃПТ,0.043122035360069
ПТЃ,0.043122035360069
ЕЈУ,0.043122035360069
ЈУЦ,0.043122035360069
ПИЌ,0.043122035360069
ИЌС,0.043122035360069
СПЉ,0.043122035360069
ЉЌЛ,0.043122035360069
ДСР,0.043122035360069
СРХ,0.043122035360069
РХЌ,0.043122035360069
ХЌЛ,0.043122035360069
ЛПВ,0.043122035360069
СХТ,0.043122035360069
ХУЧ,0.043122035360069
ХДЖ,0.043122035360069
ЖЌЗ,0.043122035360069
ЗХП,0.043122035360069
ХПР,0.043122035360069
ХЖЧ,0.043122035360069
ЧХУ,0.043122035360069
УДТ,0.043122035360069
ИЧВ,0.043122035360069
ЧВЃ,0.043122035360069
ВЃХ,0.043122035360069
ХПГ,0.043122035360069
ПГД,0.043122035360069
ГДЧ,0.043122035360069
РУИ,0.043122035360069
УИП,0.043122035360069
ИПУ,0.043122035360069
УПЦ,0.043122035360069
ХПН,0.043122035360069
СХР,0.043122035360069
ХДХ,0.043122035360069
ДХТ,0.043122035360069
ХНЌ,0.043122035360069
НЌЃ,0.043122035360069
СПУ,0.043122035360069
ЉПЃ,0.043122035360069
ПЃУ,0.043122035360069
ИХЦ,0.043122035360069
ПЏЌ,0.043122035360069
ЕЌЖ,0.043122035360069
ЌЖП,0.043122035360069
ЖПЃ,0.043122035360069
ТХЦ,0.043122035360069
ЉХЈ,0.043122035360069
ЃХЦ,0.043122035360069
ЦПО,0.043122035360069
ПОД,0.043122035360069
ОДУ,0.043122035360069
ДУС,0.043122035360069
УСД,0.043122035360069
СДК,0.043122035360069
ДКД,0.043122035360069
КДУ,0.043122035360069
УЉУ,0.043122035360069
ДЕЦ,0.043122035360069
ЕЦД,0.043122035360069
ХТЦ,0.043122035360069
ТЦХ,0.043122035360069
ЖДВ,0.043122035360069
УЌЏ,0.043122035360069
ЏЃЌ,0.043122035360069
ЉЃД,0.043122035360069
РХЗ,0.043122035360069
ХЗД,0.043122035360069
ВДУ,0.043122035360069
ДУТ,0.043122035360069
УТД,0.043122035360069
ЃПЦ,0.043122035360069
ПЦХ,0.043122035360069
ЦХЕ,0.043122035360069
ЕЧЈ,0.043122035360069
ЧЈЗ,0.043122035360069
УЉЉ,0.043122035360069
ИЈЉ,0.043122035360069
ЈЉЧ,0.043122035360069
ХДЛ,0.043122035360069
ЛЌУ,0.043122035360069
ЌУЦ,0.043122035360069
УЦД,0.043122035360069
ЖЌН,0.043122035360069
СХН,0.043122035360069
ЉУП,0.043122035360069
ДЛЦ,0.043122035360069
ХЉЖ,0.043122035360069
ЉЖХ,0.043122035360069
ЖХЍ,0.043122035360069
ХЍР,0.043122035360069
ЍРХ,0.043122035360069
РХИ,0.043122035360069
ИХК,0.043122035360069
КХЉ,0.043122035360069
ХЉИ,0.043122035360069
ЌЗЃ,0.043122035360069
ЗЃХ,0.043122035360069
ЃЌИ,0.043122035360069
ХХУ,0.043122035360069
ЛХИ,0.043122035360069
ХИЖ,0.043122035360069
ИЖЌ,0.043122035360069
ЖЌЛ,0.043122035360069
ЛПЧ,0.043122035360069
ЃДХ,0.043122035360069
ДХЛ,0.043122035360069
ХЖП,0.043122035360069
ЖПЧ,0.043122035360069
ХЏЈ,0.043122035360069
ЉХЖ,0.043122035360069
ОХВ,0.043122035360069
ЌЖЧ,0.043122035360069
ЖЧУ,0.043122035360069
ЧУИ,0.043122035360069
ЌСО,0.043122035360069
СОП,0.043122035360069
ЉДР,0.043122035360069
РХЕ,0.043122035360069
ЕЌЃ,0.043122035360069
ЉПЛ,0.043122035360069
ЛЦЌ,0.043122035360069
ЦЌЖ,0.043122035360069
ЕЌИ,0.043122035360069
ЌИЧ,0.043122035360069
ИЧХ,0.043122035360069
ЉЛЧ,0.043122035360069
ЛЧС,0.043122035360069
ЧСХ,0.043122035360069
ЉЌЕ,0.043122035360069
ЕХВ,0.043122035360069
ХВП,0.043122035360069
ВПЃ,0.043122035360069
ХРЉ,0.043122035360069
РЉС,0.043122035360069
СЧЖ,0.043122035360069
ЧЖП,0.043122035360069
ЖПЌ,0.043122035360069
ЖЌЏ,0.043122035360069
ЌЏП,0.043122035360069
ЏПУ,0.043122035360069
УЌЦ,0.043122035360069
ЌЦН,0.043122035360069
ЦНП,0.043122035360069
НПУ,0.043122035360069
ПУЧ,0.043122035360069
УЧЌ,0.043122035360069
ЧЌЃ,0.043122035360069
ЕЌУ,0.043122035360069
ПЕЃ,0.043122035360069
ЃХК,0.043122035360069
ХУС,0.043122035360069
СЧС,0.043122035360069
ЧСТ,0.043122035360069
СТХ,0.043122035360069
ППУ,0.043122035360069
ПУЛ,0.043122035360069
УЛЈ,0.043122035360069
ЛЈВ,0.043122035360069
ЈВЉ,0.043122035360069
ВЉХ,0.043122035360069
ЧПО,0.043122035360069
ОХР,0.043122035360069
РХЊ,0.043122035360069
ХЊЧ,0.043122035360069
ВХТ,0.043122035360069
ТПР,0.043122035360069
ЉХЌ,0.043122035360069
ЖЕЦ,0.043122035360069
ЕПИ,0.043122035360069
ИЈЗ,0.043122035360069
ЈЗД,0.043122035360069
ЗДИ,0.043122035360069
ЌУП,0.043122035360069
ЃЌТ,0.043122035360069
ЌТЃ,0.043122035360069
ЕЈЗ,0.043122035360069
ЈЗЧ,0.043122035360069
ЧНЌ,0.043122035360069
НЌУ,0.043122035360069
ДУЌ,0.043122035360069
УЌН,0.043122035360069
ТХП,0.043122035360069
ПТУ,0.043122035360069
ТУД,0.043122035360069
УДЌ,0.043122035360069
ЌЗЧ,0.043122035360069
ЧХЅ,0.043122035360069
ХЅХ,0.043122035360069
ЅХЃ,0.043122035360069
ЉДС,0.043122035360069
СЌН,0.043122035360069
ЌНС,0.043122035360069
ПВД,0.043122035360069
ВДЃ,0.043122035360069
ЌЧЖ,0.043122035360069
ЧЖЌ,0.043122035360069
ЖЌЖ,0.043122035360069
ЖЌУ,0.043122035360069
ТЈУ,0.043122035360069
ЧПЖ,0.043122035360069
ЖХШ,0.043122035360069
ХШХ,0.043122035360069
ЉДТ,0.043122035360069
ДТЌ,0.043122035360069
ТЌР,0.043122035360069
РПЦ,0.043122035360069
ЃПН,0.043122035360069
СЌЌ,0.043122035360069
ЌЌС,0.043122035360069
ЌРЏ,0.043122035360069
РЏХ,0.043122035360069
ЏХУ,0.043122035360069
ЃХЖ,0.043122035360069
ХЖС,0.043122035360069
ЖСХ,0.043122035360069
ВЉД,0.043122035360069
ЃДС,0.043122035360069
ДСД,0.043122035360069
ЉПП,0.043122035360069
ППЅ,0.043122035360069
ПЅД,0.043122035360069
ЅДЧ,0.043122035360069
ДЧИ,0.043122035360069
ЧИП,0.043122035360069
ИПЛ,0.043122035360069
ЦХЏ,0.043122035360069
ХЏД,0.043122035360069
ЏДЉ,0.043122035360069
ДЉД,0.043122035360069
ЉДЌ,0.043122035360069
ЌЗД,0.043122035360069
ЗДЖ,0.043122035360069
ЃПЗ,0.043122035360069
ПЗП,0.043122035360069
ЅПН,0.043122035360069
СЃД,0.043122035360069
ТХУ,0.043122035360069
ХУЛ,0.043122035360069
УЛХ,0.043122035360069
ЛХУ,0.043122035360069
ЃЌЃ,0.043122035360069
ЖХЃ,0.043122035360069
ЃДД,0.043122035360069
ДДУ,0.043122035360069
ДУХ,0.043122035360069
ТЌТ,0.043122035360069
НХЕ,0.043122035360069
ХЉР,0.043122035360069
ИЉЈ,0.043122035360069
ЉЈИ,0.043122035360069
ЈИЈ,0.043122035360069
ИЈП,0.043122035360069
ЈПЗ,0.043122035360069
ЧДО,0.043122035360069
ДОН,0.043122035360069
ОНХ,0.043122035360069
ЧПЦ,0.043122035360069
ПИЃ,0.043122035360069
ЃХЃ,0.043122035360069
ЌЉВ,0.043122035360069
ЉВЉ,0.043122035360069
ТДТ,0.043122035360069
ТДЏ,0.043122035360069
ДЏЌ,0.043122035360069
ЌУС,0.043122035360069
ЕЌЌ,0.043122035360069
ЌЌЖ,0.043122035360069
НЖП,0.043122035360069
ЖПУ,0.043122035360069
ЉПИ,0.043122035360069
ИДР,0.043122035360069
РХЛ,0.043122035360069
ЖЌЦ,0.043122035360069
ЌЦК,0.043122035360069
ЦКП,0.043122035360069
КПЃ,0.043122035360069
ЃДЕ,0.043122035360069
ЉХЗ,0.043122035360069
ЌЧЗ,0.043122035360069
ЧЗХ,0.043122035360069
ЌПЖ,0.043122035360069
ПЖЧ,0.043122035360069
ЖЧЈ,0.043122035360069
ЧЈЕ,0.043122035360069
ЈЕП,0.043122035360069
ЌЧО,0.043122035360069
ЧОП,0.043122035360069
ИДС,0.043122035360069
ЌУИ,0.043122035360069
УИЧ,0.043122035360069
ИЧД,0.043122035360069
УЃД,0.043122035360069
ЃДЧ,0.043122035360069
ДЧД,0.043122035360069
СЌЖ,0.043122035360069
ЖХЏ,0.043122035360069
ХЏЃ,0.043122035360069
СЃП,0.043122035360069
ИДП,0.043122035360069
НЦД,0.043122035360069
ЦДН,0.043122035360069
НХТ,0.043122035360069
ХТС,0.043122035360069
ТСЕ,0.043122035360069
ХЉЧ,0.043122035360069
ЧХЕ,0.043122035360069
ХЕХ,0.043122035360069
ЕХИ,0.043122035360069
ИДЉ,0.043122035360069
ДЉЧ,0.043122035360069
ЉЧЕ,0.043122035360069
ЧЕЃ,0.043122035360069
ТПЛ,0.043122035360069
ХУИ,0.043122035360069
УИД,0.043122035360069
ИДЌ,0.043122035360069
ХТР,0.043122035360069
ТРХ,0.043122035360069
РХУ,0.043122035360069
ХУЖ,0.043122035360069
УЖХ,0.043122035360069
СДЈ,0.043122035360069
ДЈЃ,0.043122035360069
ЈЃП,0.043122035360069
ЃПВ,0.043122035360069
ПВЉ,0.043122035360069
ВЉТ,0.043122035360069
ЉТТ,0.043122035360069
ТТЌ,0.043122035360069
ТЌЧ,0.043122035360069
ПЦТ,0.043122035360069
ЦТЧ,0.043122035360069
ЧЉС,0.043122035360069
ХТН,0.043122035360069
ТНЌ,0.043122035360069
НЌВ,0.043122035360069
ЌВЉ,0.043122035360069
ЉЌТ,0.043122035360069
ЌТП,0.043122035360069
ТПД,0.043122035360069
ПДК,0.043122035360069
ДКП,0.043122035360069
КПС,0.043122035360069
ЕХУ,0.043122035360069
ПЃТ,0.043122035360069
ЃТП,0.043122035360069
ЃДЌ,0.043122035360069
ЖДЃ,0.043122035360069
ДЃИ,0.043122035360069
ЃИД,0.043122035360069
ИДД,0.043122035360069
ДДС,0.043122035360069
СЌЗ,0.043122035360069
ЌЗЌ,0.043122035360069
ЉИД,0.043122035360069
ЛЌЗ,0.043122035360069
ЗХЧ,0.043122035360069
ХТУ,0.043122035360069
ТУТ,0.043122035360069
ЧЉЃ,0.043122035360069
ЛЌК,0.043122035360069
ЌКД,0.043122035360069
КДЦ,0.043122035360069
ЃХЗ,0.043122035360069
ЗЌЕ,0.043122035360069
ЕХТ,0.043122035360069
ХТO,0.043122035360069
ТOК,0.043122035360069
OКД,0.043122035360069
КДП,0.043122035360069
ДПЉ,0.043122035360069
ПЉЧ,0.043122035360069
ЉЧП,0.043122035360069
ЧПЈ,0.043122035360069
ПЈЊ,0.043122035360069
ЈЊЖ,0.043122035360069
ЊЖХ,0.043122035360069
ЧДД,0.043122035360069
ДДЕ,0.043122035360069
ДЕД,0.043122035360069
ЕПЉ,0.043122035360069
ЉДХ,0.043122035360069
ДХЦ,0.043122035360069
ХЦЗ,0.043122035360069
ХЃО,0.043122035360069
ЃОП,0.043122035360069
УДЃ,0.043122035360069
ЃДЛ,0.043122035360069
ЛЧП,0.043122035360069
ЧПР,0.043122035360069
ХЉД,0.043122035360069
ЉДЦ,0.043122035360069
ДЦП,0.043122035360069
ЦПЉ,0.043122035360069
ИЌП,0.043122035360069
ЕЌЛ,0.043122035360069
ЌЛА,0.043122035360069
ЏИЌ,0.043122035360069
ЌУЈ,0.043122035360069
УЈС,0.043122035360069
СХХ,0.043122035360069
ЧЌЧ,0.043122035360069
ЧПН,0.043122035360069
ПНП,0.043122035360069
НПЧ,0.043122035360069
ХЉЃ,0.043122035360069
СЕП,0.043122035360069
ЕПУ,0.043122035360069
ПУЦ,0.043122035360069
ИЌЛ,0.043122035360069
ЛЌИ,0.043122035360069
ЌИЦ,0.043122035360069
ИЦЌ,0.043122035360069
ЦЌЃ,0.043122035360069
ОПЃ,0.043122035360069
ЉЌП,0.043122035360069
ЌПЏ,0.043122035360069
ЉПД,0.043122035360069
ПДН,0.043122035360069
ТЈЌ,0.043122035360069
ЈЌЖ,0.043122035360069
ЌЖЖ,0.043122035360069
ЖЖХ,0.043122035360069
ЖХЖ,0.043122035360069
ЌЏД,0.043122035360069
ТПЌ,0.043122035360069
ЌЉР,0.043122035360069
ИУХ,0.043122035360069
ЧХО,0.043122035360069
ХОД,0.043122035360069
ОДЕ,0.043122035360069
