letter,frequency
aтa,1.250539025442001
aЃa,0.646830530401035
итe,0.646830530401035
ЈСa,0.4743423889607589
тaЃ,0.4312203536006899
aти,0.3880983182406209
aрa,0.3880983182406209
Ѓaс,0.344976282880552
ЦиЏ,0.344976282880552
ИaИ,0.344976282880552
eТa,0.344976282880552
иЃa,0.344976282880552
aИо,0.344976282880552
Ѓaт,0.344976282880552
aИa,0.301854247520483
Вто,0.301854247520483
aдa,0.301854247520483
Ѓот,0.301854247520483
ост,0.301854247520483
тоЃ,0.258732212160414
оЃa,0.258732212160414
aсe,0.258732212160414
eЃи,0.258732212160414
aЦи,0.258732212160414
ирa,0.258732212160414
aВт,0.258732212160414
рaд,0.258732212160414
сИa,0.258732212160414
ЃaИ,0.258732212160414
иЏe,0.258732212160414
aЕо,0.258732212160414
eдa,0.258732212160414
aЛо,0.2156101768003449
aсо,0.2156101768003449
оЛо,0.2156101768003449
aНa,0.2156101768003449
Иот,0.2156101768003449
ото,0.2156101768003449
сeЦ,0.2156101768003449
оЕa,0.2156101768003449
тСо,0.2156101768003449
aЃe,0.2156101768003449
Ѓит,0.2156101768003449
род,0.2156101768003449
ЗeВ,0.2156101768003449
eВe,0.2156101768003449
тиЦ,0.2156101768003449
aИЈ,0.2156101768003449
рaЏ,0.2156101768003449
Лрe,0.2156101768003449
рeд,0.2156101768003449
eЛр,0.2156101768003449
РЈЃ,0.2156101768003449
ЈЃa,0.2156101768003449
дЃa,0.2156101768003449
aЃи,0.2156101768003449
сти,0.2156101768003449
ЛрЦ,0.2156101768003449
рЦи,0.2156101768003449
ЏeС,0.2156101768003449
eЃe,0.2156101768003449
сиЃ,0.2156101768003449
оти,0.2156101768003449
Иaт,0.2156101768003449
aТи,0.2156101768003449
Сaт,0.2156101768003449
одо,0.2156101768003449
сeр,0.172488141440276
Сaс,0.172488141440276
ЃaТ,0.172488141440276
aТa,0.172488141440276
ЃсИ,0.172488141440276
сИо,0.172488141440276
ЦeЃ,0.172488141440276
eСо,0.172488141440276
ЃиИ,0.172488141440276
eИa,0.172488141440276
aЃо,0.172488141440276
исe,0.172488141440276
aто,0.172488141440276
aЕи,0.172488141440276
тaЕ,0.172488141440276
aси,0.172488141440276
тaК,0.172488141440276
Ѓae,0.172488141440276
aСe,0.172488141440276
дaЦ,0.172488141440276
Ерa,0.172488141440276
ито,0.172488141440276
дЃи,0.172488141440276
ЕиЗ,0.172488141440276
оРо,0.172488141440276
Цтa,0.172488141440276
aЏЦ,0.172488141440276
eТe,0.172488141440276
рaт,0.172488141440276
КaЦ,0.172488141440276
ЦЃи,0.172488141440276
иЦЃ,0.172488141440276
ЦaС,0.172488141440276
иИe,0.172488141440276
ЦaЃ,0.172488141440276
тeЃ,0.172488141440276
дaЕ,0.172488141440276
иЃe,0.172488141440276
ЃeТ,0.172488141440276
ИоР,0.172488141440276
тaт,0.172488141440276
тaс,0.172488141440276
тит,0.172488141440276
ист,0.172488141440276
иЕо,0.172488141440276
aНд,0.172488141440276
стa,0.172488141440276
aЛр,0.172488141440276
иот,0.172488141440276
Трт,0.172488141440276
ттa,0.172488141440276
Ѓaи,0.172488141440276
трa,0.172488141440276
осe,0.172488141440276
ТaР,0.172488141440276
aРИ,0.172488141440276
РИa,0.172488141440276
иЃо,0.172488141440276
aЕр,0.172488141440276
eдЃ,0.172488141440276
ТaН,0.172488141440276
aСa,0.172488141440276
ЃeР,0.172488141440276
ЃaЕ,0.172488141440276
eРa,0.172488141440276
стЃ,0.172488141440276
eст,0.172488141440276
aро,0.129366106080207
отН,0.129366106080207
тНa,0.129366106080207
Лот,0.129366106080207
eсЃ,0.129366106080207
сЦи,0.129366106080207
ЦиИ,0.129366106080207
иИa,0.129366106080207
ЛоЦ,0.129366106080207
ТaИ,0.129366106080207
aИe,0.129366106080207
eЦe,0.129366106080207
Ѓиe,0.129366106080207
иЏЃ,0.129366106080207
ЏЃи,0.129366106080207
ирe,0.129366106080207
рeИ,0.129366106080207
дeР,0.129366106080207
стС,0.129366106080207
Сот,0.129366106080207
тaЛ,0.129366106080207
иОи,0.129366106080207
Оис,0.129366106080207
aaт,0.129366106080207
тод,0.129366106080207
одЕ,0.129366106080207
орe,0.129366106080207
Зрa,0.129366106080207
aКи,0.129366106080207
Кит,0.129366106080207
ЕЦa,0.129366106080207
сит,0.129366106080207
Иaи,0.129366106080207
ЃaС,0.129366106080207
Шaт,0.129366106080207
тор,0.129366106080207
одЃ,0.129366106080207
ЃиЕ,0.129366106080207
иЕи,0.129366106080207
роР,0.129366106080207
сeС,0.129366106080207
Цдa,0.129366106080207
отa,0.129366106080207
тaр,0.129366106080207
Ции,0.129366106080207
eЗe,0.129366106080207
рaa,0.129366106080207
ИЈН,0.129366106080207
ЈНТ,0.129366106080207
НТa,0.129366106080207
ТaЃ,0.129366106080207
Лaд,0.129366106080207
aдЃ,0.129366106080207
eЃо,0.129366106080207
тоР,0.129366106080207
оРс,0.129366106080207
eЕи,0.129366106080207
ЛЦa,0.129366106080207
eНa,0.129366106080207
НaЃ,0.129366106080207
eто,0.129366106080207
Ѓaр,0.129366106080207
отС,0.129366106080207
оЃо,0.129366106080207
Ѓои,0.129366106080207
иНa,0.129366106080207
иНС,0.129366106080207
aдо,0.129366106080207
оИо,0.129366106080207
ЦЗa,0.129366106080207
тaТ,0.129366106080207
сТр,0.129366106080207
ЃaР,0.129366106080207
исо,0.129366106080207
НиЃ,0.129366106080207
иИЈ,0.129366106080207
aЗо,0.129366106080207
Тир,0.129366106080207
сeЛ,0.129366106080207
Ѓeд,0.129366106080207
сaТ,0.129366106080207
иСо,0.129366106080207
иси,0.129366106080207
Иос,0.129366106080207
иРa,0.129366106080207
aИр,0.129366106080207
aСи,0.129366106080207
тЃa,0.129366106080207
Цeд,0.129366106080207
дaТ,0.129366106080207
Ѓос,0.129366106080207
тaa,0.129366106080207
дaт,0.129366106080207
aВa,0.129366106080207
aКa,0.129366106080207
тиЕ,0.129366106080207
ИоЦ,0.129366106080207
СоР,0.129366106080207
Рaт,0.129366106080207
Зор,0.129366106080207
оСa,0.129366106080207
ЗaЃ,0.129366106080207
eрд,0.086244070720138
рдa,0.086244070720138
дaр,0.086244070720138
НaЛ,0.086244070720138
ЛоЏ,0.086244070720138
оЏЃ,0.086244070720138
ЃЈС,0.086244070720138
соЛ,0.086244070720138
отр,0.086244070720138
трe,0.086244070720138
рeс,0.086244070720138
сЃa,0.086244070720138
aсЦ,0.086244070720138
ИaН,0.086244070720138
оЦо,0.086244070720138
Зaт,0.086244070720138
eдо,0.086244070720138
доЃ,0.086244070720138
оЃс,0.086244070720138
ЕaЦ,0.086244070720138
aдe,0.086244070720138
рaЃ,0.086244070720138
Ѓод,0.086244070720138
ЃaЛ,0.086244070720138
Лоe,0.086244070720138
оeТ,0.086244070720138
Тaт,0.086244070720138
aЛи,0.086244070720138
Лис,0.086244070720138
исИ,0.086244070720138
ЃиО,0.086244070720138
сeс,0.086244070720138
Сор,0.086244070720138
ИaВ,0.086244070720138
тот,0.086244070720138
eВИ,0.086244070720138
ВИa,0.086244070720138
ИaЃ,0.086244070720138
срe,0.086244070720138
aиТ,0.086244070720138
aЕЦ,0.086244070720138
Цaс,0.086244070720138
aeИ,0.086244070720138
ИоЗ,0.086244070720138
оЗи,0.086244070720138
иНЦ,0.086244070720138
Цaд,0.086244070720138
aдЛ,0.086244070720138
дЛо,0.086244070720138
оЦи,0.086244070720138
ЦиШ,0.086244070720138
иШa,0.086244070720138
оро,0.086244070720138
иЗe,0.086244070720138
ВeЊ,0.086244070720138
eЊa,0.086244070720138
Њaт,0.086244070720138
ЦиЦ,0.086244070720138
Род,0.086244070720138
одс,0.086244070720138
дсИ,0.086244070720138
ИЈЦ,0.086244070720138
ЈЦО,0.086244070720138
ЦОи,0.086244070720138
eСд,0.086244070720138
Сдa,0.086244070720138
сЈЦ,0.086244070720138
ЈЦт,0.086244070720138
ЏЦи,0.086244070720138
ииЛ,0.086244070720138
иЛр,0.086244070720138
eдС,0.086244070720138
дСр,0.086244070720138
Срe,0.086244070720138
рeТ,0.086244070720138
ТeЗ,0.086244070720138
ВeЛ,0.086244070720138
Лрa,0.086244070720138
иЦд,0.086244070720138
дaН,0.086244070720138
aНЗ,0.086244070720138
НЗи,0.086244070720138
Зир,0.086244070720138
aaр,0.086244070720138
ЏЦЈ,0.086244070720138
ЦЈт,0.086244070720138
ЈтЗ,0.086244070720138
тЗe,0.086244070720138
ЗeН,0.086244070720138
eНК,0.086244070720138
НКa,0.086244070720138
aЦЃ,0.086244070720138
иЕр,0.086244070720138
Ѓис,0.086244070720138
aЦт,0.086244070720138
тaИ,0.086244070720138
aИс,0.086244070720138
СeЃ,0.086244070720138
aЈЗ,0.086244070720138
ЕeЕ,0.086244070720138
eЕa,0.086244070720138
Еaт,0.086244070720138
Лро,0.086244070720138
ЗоР,0.086244070720138
оРи,0.086244070720138
ИeЕ,0.086244070720138
ЕиЕ,0.086244070720138
ЛАa,0.086244070720138
АaЏ,0.086244070720138
aЏИ,0.086244070720138
отЛ,0.086244070720138
ЃиЃ,0.086244070720138
иЃи,0.086244070720138
сeЕ,0.086244070720138
идa,0.086244070720138
оНЃ,0.086244070720138
НЃa,0.086244070720138
ЦоС,0.086244070720138
оСe,0.086244070720138
НaИ,0.086244070720138
рaИ,0.086244070720138
aИт,0.086244070720138
тeр,0.086244070720138
eри,0.086244070720138
рис,0.086244070720138
ЃaН,0.086244070720138
ЃaВ,0.086244070720138
eВт,0.086244070720138
ВтС,0.086244070720138
оиН,0.086244070720138
НСa,0.086244070720138
Ндe,0.086244070720138
eЦЗ,0.086244070720138
ори,0.086244070720138
оТa,0.086244070720138
eЃa,0.086244070720138
aст,0.086244070720138
рaЛ,0.086244070720138
СоС,0.086244070720138
СaС,0.086244070720138
aСо,0.086244070720138
aТо,0.086244070720138
отт,0.086244070720138
тeИ,0.086244070720138
ИЃa,0.086244070720138
Нaс,0.086244070720138
aсТ,0.086244070720138
ртт,0.086244070720138
aРЈ,0.086244070720138
отс,0.086244070720138
тсe,0.086244070720138
сeВ,0.086244070720138
eВи,0.086244070720138
Вир,0.086244070720138
ири,0.086244070720138
ЕоЦ,0.086244070720138
оЦe,0.086244070720138
ЦeТ,0.086244070720138
ЗрН,0.086244070720138
НСи,0.086244070720138
ИЈС,0.086244070720138
стр,0.086244070720138
рaС,0.086244070720138
иeт,0.086244070720138
оНa,0.086244070720138
НaВ,0.086244070720138
тоИ,0.086244070720138
оИe,0.086244070720138
ЕоН,0.086244070720138
aод,0.086244070720138
eТи,0.086244070720138
тос,0.086244070720138
Јсe,0.086244070720138
eЦa,0.086244070720138
ЊрЦ,0.086244070720138
рЦa,0.086244070720138
рeЃ,0.086244070720138
aЃЃ,0.086244070720138
ЃЃe,0.086244070720138
осa,0.086244070720138
ТeЃ,0.086244070720138
aиС,0.086244070720138
eИЈ,0.086244070720138
ЏЈС,0.086244070720138
ЈСс,0.086244070720138
Сст,0.086244070720138
Зид,0.086244070720138
идe,0.086244070720138
eРЅ,0.086244070720138
РЅи,0.086244070720138
иЛо,0.086244070720138
тЛо,0.086244070720138
Ерe,0.086244070720138
дaИ,0.086244070720138
eиН,0.086244070720138
Ндр,0.086244070720138
сос,0.086244070720138
оЃи,0.086244070720138
ТЃо,0.086244070720138
ЃоЕ,0.086244070720138
оЕЈ,0.086244070720138
оСи,0.086244070720138
оЛр,0.086244070720138
оЛи,0.086244070720138
иВЈ,0.086244070720138
ВЈС,0.086244070720138
оЗa,0.086244070720138
Рaд,0.086244070720138
дрa,0.086244070720138
СaИ,0.086244070720138
eро,0.086244070720138
ЦЃa,0.086244070720138
aРa,0.086244070720138
РaЃ,0.086244070720138
eРН,0.086244070720138
РНи,0.086244070720138
тaС,0.086244070720138
Џот,0.086244070720138
ТиЦ,0.086244070720138
иЦe,0.086244070720138
ЈЗо,0.086244070720138
Зос,0.086244070720138
aae,0.086244070720138
eЛо,0.086244070720138
оРa,0.086244070720138
тeс,0.086244070720138
eсe,0.086244070720138
ЦaВ,0.086244070720138
Вaт,0.086244070720138
тИо,0.086244070720138
Сeс,0.086244070720138
тЃо,0.086244070720138
ИоЕ,0.086244070720138
eЛa,0.086244070720138
оЃe,0.086244070720138
eСЕ,0.086244070720138
СЕо,0.086244070720138
ЕоС,0.086244070720138
оСо,0.086244070720138
СиВ,0.086244070720138
тСa,0.086244070720138
оЦa,0.086244070720138
СиО,0.086244070720138
иОa,0.086244070720138
Оит,0.086244070720138
иЛЦ,0.086244070720138
дот,0.086244070720138
aтЛ,0.086244070720138
тСр,0.086244070720138
ЕЃa,0.086244070720138
сСо,0.086244070720138
Рот,0.086244070720138
Ири,0.086244070720138
ОиИ,0.086244070720138
eИо,0.086244070720138
оНe,0.086244070720138
НeТ,0.086244070720138
eоЗ,0.086244070720138
оиЕ,0.086244070720138
Еор,0.086244070720138
aТЈ,0.086244070720138
дaС,0.086244070720138
aсЃ,0.086244070720138
СaВ,0.086244070720138
ЃиС,0.086244070720138
иСЃ,0.086244070720138
сЃо,0.086244070720138
ЕиЃ,0.086244070720138
тРЈ,0.086244070720138
иЗо,0.086244070720138
eЕо,0.086244070720138
Сос,0.086244070720138
Нaд,0.086244070720138
одТ,0.086244070720138
дТa,0.086244070720138
одa,0.086244070720138
орa,0.086244070720138
ЛоС,0.086244070720138
eод,0.086244070720138
рaТ,0.086244070720138
ИeЛ,0.086244070720138
отИ,0.086244070720138
ТиЃ,0.086244070720138
ЃоЛ,0.086244070720138
Џeс,0.086244070720138
рот,0.043122035360069
ЏЃЈ,0.043122035360069
ЦоК,0.043122035360069
оКЗ,0.043122035360069
КЗa,0.043122035360069
Иeд,0.043122035360069
иeС,0.043122035360069
СоЕ,0.043122035360069
иИи,0.043122035360069
Иир,0.043122035360069
Иaд,0.043122035360069
дee,0.043122035360069
eeЦ,0.043122035360069
eЦо,0.043122035360069
ЦоО,0.043122035360069
оОи,0.043122035360069
Оир,0.043122035360069
одe,0.043122035360069
eРс,0.043122035360069
Рст,0.043122035360069
отЃ,0.043122035360069
тЃи,0.043122035360069
eсЦ,0.043122035360069
сЦЈ,0.043122035360069
ЦЈВ,0.043122035360069
ЈВa,0.043122035360069
Вaa,0.043122035360069
дЕa,0.043122035360069
иИС,0.043122035360069
ИСо,0.043122035360069
отe,0.043122035360069
тeВ,0.043122035360069
Ѓeс,0.043122035360069
eср,0.043122035360069
рeЅ,0.043122035360069
eЅa,0.043122035360069
ЅaЕ,0.043122035360069
ЕиН,0.043122035360069
иНЗ,0.043122035360069
НЗр,0.043122035360069
рaи,0.043122035360069
иТa,0.043122035360069
ТaК,0.043122035360069
тeи,0.043122035360069
eиК,0.043122035360069
иКe,0.043122035360069
КeЃ,0.043122035360069
тeт,0.043122035360069
eтa,0.043122035360069
итa,0.043122035360069
aКЃ,0.043122035360069
КЃa,0.043122035360069
aиЃ,0.043122035360069
СeС,0.043122035360069
eСa,0.043122035360069
aсa,0.043122035360069
сaЦ,0.043122035360069
aЦИ,0.043122035360069
ЦИо,0.043122035360069
ЗиН,0.043122035360069
НЦa,0.043122035360069
aЦЕ,0.043122035360069
ЦЕр,0.043122035360069
иЦи,0.043122035360069
иЦр,0.043122035360069
Цро,0.043122035360069
aЦд,0.043122035360069
aЦс,0.043122035360069
ЦсЈ,0.043122035360069
Ѓир,0.043122035360069
иро,0.043122035360069
исЈ,0.043122035360069
aЃР,0.043122035360069
ЃРЈ,0.043122035360069
ИсЦ,0.043122035360069
сЦa,0.043122035360069
eЃЛ,0.043122035360069
ЃЛa,0.043122035360069
ЃaЈ,0.043122035360069
ЈЗи,0.043122035360069
Зиe,0.043122035360069
иeЃ,0.043122035360069
дЕe,0.043122035360069
Рсe,0.043122035360069
aрЛ,0.043122035360069
рЛр,0.043122035360069
роЏ,0.043122035360069
оЏЈ,0.043122035360069
ЏЈт,0.043122035360069
ЈтЛ,0.043122035360069
тЛa,0.043122035360069
aСЗ,0.043122035360069
СЗо,0.043122035360069
РиИ,0.043122035360069
иЕa,0.043122035360069
ЕaН,0.043122035360069
aНи,0.043122035360069
НиЛ,0.043122035360069
иЛА,0.043122035360069
ЏИa,0.043122035360069
aВо,0.043122035360069
Вот,0.043122035360069
тЛЦ,0.043122035360069
Еaи,0.043122035360069
aид,0.043122035360069
иЗр,0.043122035360069
Рсо,0.043122035360069
ЛоН,0.043122035360069
сЦо,0.043122035360069
eЃс,0.043122035360069
Иaa,0.043122035360069
aaЃ,0.043122035360069
aЃт,0.043122035360069
Ѓти,0.043122035360069
тeН,0.043122035360069
Иaр,0.043122035360069
Итe,0.043122035360069
тиЏ,0.043122035360069
ЏЃa,0.043122035360069
aВe,0.043122035360069
Вeт,0.043122035360069
дЃо,0.043122035360069
рeВ,0.043122035360069
СоЃ,0.043122035360069
НaГ,0.043122035360069
aГо,0.043122035360069
ГоТ,0.043122035360069
оТe,0.043122035360069
Тeр,0.043122035360069
eрС,0.043122035360069
рСи,0.043122035360069
Сид,0.043122035360069
иди,0.043122035360069
диЕ,0.043122035360069
Еои,0.043122035360069
Сaд,0.043122035360069
доИ,0.043122035360069
Нaр,0.043122035360069
рaН,0.043122035360069
дeЦ,0.043122035360069
ЃaГ,0.043122035360069
aГe,0.043122035360069
ГeИ,0.043122035360069
eИт,0.043122035360069
Ито,0.043122035360069
риa,0.043122035360069
иaЃ,0.043122035360069
aЃд,0.043122035360069
Ѓдр,0.043122035360069
дро,0.043122035360069
роТ,0.043122035360069
ТaГ,0.043122035360069
aГa,0.043122035360069
ГaЈ,0.043122035360069
aЈЛ,0.043122035360069
ЈЛо,0.043122035360069
рeЗ,0.043122035360069
ЗeЃ,0.043122035360069
aeи,0.043122035360069
eис,0.043122035360069
иЦс,0.043122035360069
ЦсИ,0.043122035360069
ИaЊ,0.043122035360069
aЊи,0.043122035360069
ЊиЕ,0.043122035360069
иЕЈ,0.043122035360069
ЕЈр,0.043122035360069
Јрa,0.043122035360069
eСЃ,0.043122035360069
СЃѐ,0.043122035360069
ЃѐС,0.043122035360069
ѐСо,0.043122035360069
Сeд,0.043122035360069
eдЈ,0.043122035360069
дЈС,0.043122035360069
СоЛ,0.043122035360069
ЛоЃ,0.043122035360069
ТоВ,0.043122035360069
оВЃ,0.043122035360069
ВЃи,0.043122035360069
Ѓио,0.043122035360069
ттe,0.043122035360069
eИЃ,0.043122035360069
сот,0.043122035360069
соЕ,0.043122035360069
оЕо,0.043122035360069
ТaЗ,0.043122035360069
aЗр,0.043122035360069
рНи,0.043122035360069
aит,0.043122035360069
оРЛ,0.043122035360069
РЛр,0.043122035360069
eди,0.043122035360069
диН,0.043122035360069
СиИ,0.043122035360069
СaЗ,0.043122035360069
ЗоЦ,0.043122035360069
оЦИ,0.043122035360069
ЦИa,0.043122035360069
aис,0.043122035360069
aСИ,0.043122035360069
СИa,0.043122035360069
ИaР,0.043122035360069
aРЃ,0.043122035360069
РЃa,0.043122035360069
тоН,0.043122035360069
ИeЃ,0.043122035360069
оРд,0.043122035360069
Рдa,0.043122035360069
Вти,0.043122035360069
итЈ,0.043122035360069
тЈС,0.043122035360069
Сaо,0.043122035360069
одт,0.043122035360069
дто,0.043122035360069
оРЈ,0.043122035360069
РЈК,0.043122035360069
ЈКa,0.043122035360069
Кaс,0.043122035360069
ирВ,0.043122035360069
рВт,0.043122035360069
риТ,0.043122035360069
иТe,0.043122035360069
ТeФ,0.043122035360069
eФЈ,0.043122035360069
ФЈс,0.043122035360069
тeЛ,0.043122035360069
eСс,0.043122035360069
Ссe,0.043122035360069
рeЊ,0.043122035360069
eЊр,0.043122035360069
тиС,0.043122035360069
иСИ,0.043122035360069
СИи,0.043122035360069
Иио,0.043122035360069
тиТ,0.043122035360069
иТи,0.043122035360069
eЃд,0.043122035360069
Ѓдо,0.043122035360069
доТ,0.043122035360069
оТС,0.043122035360069
ТСо,0.043122035360069
СоИ,0.043122035360069
оРТ,0.043122035360069
РТa,0.043122035360069
дae,0.043122035360069
aeо,0.043122035360069
eос,0.043122035360069
aТe,0.043122035360069
Сои,0.043122035360069
оис,0.043122035360069
исЏ,0.043122035360069
сЏe,0.043122035360069
ЏeИ,0.043122035360069
СaШ,0.043122035360069
aШe,0.043122035360069
Шeд,0.043122035360069
дaс,0.043122035360069
eСр,0.043122035360069
Срa,0.043122035360069
тис,0.043122035360069
рeт,0.043122035360069
eтЏ,0.043122035360069
тЏЈ,0.043122035360069
тСЈ,0.043122035360069
СЈС,0.043122035360069
СaЃ,0.043122035360069
ЃeВ,0.043122035360069
рaВ,0.043122035360069
aВЃ,0.043122035360069
ВЃо,0.043122035360069
ЃоЗ,0.043122035360069
Ѕис,0.043122035360069
соЃ,0.043122035360069
оЃЈ,0.043122035360069
СaЦ,0.043122035360069
aЦa,0.043122035360069
ЦaИ,0.043122035360069
eрЈ,0.043122035360069
рЈВ,0.043122035360069
ЈВи,0.043122035360069
ВиИ,0.043122035360069
ИЈЅ,0.043122035360069
ЈЅa,0.043122035360069
Ѕaт,0.043122035360069
тaи,0.043122035360069
aиЛ,0.043122035360069
Лор,0.043122035360069
орЃ,0.043122035360069
рЃa,0.043122035360069
Ѓeи,0.043122035360069
иНд,0.043122035360069
дрК,0.043122035360069
рКЈ,0.043122035360069
КЈС,0.043122035360069
осТ,0.043122035360069
сТи,0.043122035360069
eЃт,0.043122035360069
Ѓто,0.043122035360069
ЃиТ,0.043122035360069
иТЃ,0.043122035360069
ЕЈс,0.043122035360069
ЈсЦ,0.043122035360069
иИо,0.043122035360069
ИоС,0.043122035360069
Сит,0.043122035360069
тоЛ,0.043122035360069
eСР,0.043122035360069
СРa,0.043122035360069
Рaо,0.043122035360069
aоЛ,0.043122035360069
ЛиВ,0.043122035360069
СaТ,0.043122035360069
aср,0.043122035360069
aeд,0.043122035360069
доЗ,0.043122035360069
Зaи,0.043122035360069
aиР,0.043122035360069
aдр,0.043122035360069
рaс,0.043122035360069
сeТ,0.043122035360069
ИрВ,0.043122035360069
рВЃ,0.043122035360069
ВЃa,0.043122035360069
aиГ,0.043122035360069
иГe,0.043122035360069
Гeр,0.043122035360069
РсИ,0.043122035360069
сИи,0.043122035360069
Иис,0.043122035360069
сиЦ,0.043122035360069
aиН,0.043122035360069
СaР,0.043122035360069
aea,0.043122035360069
eaТ,0.043122035360069
aНо,0.043122035360069
НоЃ,0.043122035360069
Сис,0.043122035360069
тиЃ,0.043122035360069
иЃс,0.043122035360069
ИaЦ,0.043122035360069
иЏо,0.043122035360069
Еод,0.043122035360069
оди,0.043122035360069
диЃ,0.043122035360069
ТaЦ,0.043122035360069
тaЈ,0.043122035360069
ЃaЦ,0.043122035360069
ЦиО,0.043122035360069
иОe,0.043122035360069
Оeс,0.043122035360069
eсС,0.043122035360069
сСe,0.043122035360069
СeК,0.043122035360069
eКe,0.043122035360069
Кeс,0.043122035360069
стс,0.043122035360069
eЕЦ,0.043122035360069
ЕЦe,0.043122035360069
aТЦ,0.043122035360069
ТЦa,0.043122035360069
дeВ,0.043122035360069
соЏ,0.043122035360069
ЏЃо,0.043122035360069
тЃe,0.043122035360069
РaЗ,0.043122035360069
aЗe,0.043122035360069
Вeс,0.043122035360069
eсТ,0.043122035360069
сТe,0.043122035360069
ЃиЦ,0.043122035360069
иЦa,0.043122035360069
ЦaЕ,0.043122035360069
ЕрЈ,0.043122035360069
рЈЗ,0.043122035360069
стт,0.043122035360069
ИЈт,0.043122035360069
Јтр,0.043122035360069
aeЛ,0.043122035360069
Лос,0.043122035360069
осЦ,0.043122035360069
сЦe,0.043122035360069
доН,0.043122035360069
СaН,0.043122035360069
тси,0.043122035360069
eЛЦ,0.043122035360069
aтд,0.043122035360069
тдa,0.043122035360069
дaЍ,0.043122035360069
aЍР,0.043122035360069
ЍРa,0.043122035360069
РaИ,0.043122035360069
ИaК,0.043122035360069
Кaт,0.043122035360069
aтИ,0.043122035360069
оЗЃ,0.043122035360069
ЗЃa,0.043122035360069
ЃоИ,0.043122035360069
aaс,0.043122035360069
ЛaИ,0.043122035360069
aИд,0.043122035360069
Идо,0.043122035360069
доЛ,0.043122035360069
Лир,0.043122035360069
Ѓea,0.043122035360069
eaЛ,0.043122035360069
aди,0.043122035360069
дир,0.043122035360069
aЏЈ,0.043122035360069
тaд,0.043122035360069
ОaВ,0.043122035360069
одр,0.043122035360069
дрс,0.043122035360069
рсИ,0.043122035360069
оСО,0.043122035360069
СОи,0.043122035360069
тeР,0.043122035360069
РaЕ,0.043122035360069
ЕоЃ,0.043122035360069
тиЛ,0.043122035360069
ЛЦо,0.043122035360069
Цод,0.043122035360069
ЕоИ,0.043122035360069
оИр,0.043122035360069
Ирa,0.043122035360069
тЛр,0.043122035360069
ЛрС,0.043122035360069
рСa,0.043122035360069
тоЕ,0.043122035360069
ЕaВ,0.043122035360069
aВи,0.043122035360069
ВиЃ,0.043122035360069
aРт,0.043122035360069
РтС,0.043122035360069
Срд,0.043122035360069
рди,0.043122035360069
дио,0.043122035360069
доЏ,0.043122035360069
оЏи,0.043122035360069
Џис,0.043122035360069
соЦ,0.043122035360069
оЦН,0.043122035360069
ЦНи,0.043122035360069
Нис,0.043122035360069
иср,0.043122035360069
сро,0.043122035360069
роЃ,0.043122035360069
Еос,0.043122035360069
иЕЃ,0.043122035360069
ЃaК,0.043122035360069
aсС,0.043122035360069
СрС,0.043122035360069
рСТ,0.043122035360069
СТa,0.043122035360069
иис,0.043122035360069
исЛ,0.043122035360069
сЛЈ,0.043122035360069
ЛЈВ,0.043122035360069
ЈВт,0.043122035360069
Втa,0.043122035360069
риО,0.043122035360069
ОaР,0.043122035360069
РaЊ,0.043122035360069
aЊр,0.043122035360069
ВaТ,0.043122035360069
ТиР,0.043122035360069
тaо,0.043122035360069
дЕЦ,0.043122035360069
ЕиИ,0.043122035360069
ИЈЗ,0.043122035360069
ЈЗe,0.043122035360069
ЗeИ,0.043122035360069
оси,0.043122035360069
ЃоТ,0.043122035360069
оТЃ,0.043122035360069
ЕЈЗ,0.043122035360069
ЈЗр,0.043122035360069
рНо,0.043122035360069
Нос,0.043122035360069
eсо,0.043122035360069
соН,0.043122035360069
Тaи,0.043122035360069
иТс,0.043122035360069
Тсe,0.043122035360069
сeо,0.043122035360069
оЗр,0.043122035360069
рaЅ,0.043122035360069
aЅa,0.043122035360069
ЅaЃ,0.043122035360069
тeС,0.043122035360069
СоН,0.043122035360069
оНС,0.043122035360069
иВe,0.043122035360069
ВeЃ,0.043122035360069
орд,0.043122035360069
рдо,0.043122035360069
дод,0.043122035360069
дос,0.043122035360069
ТЈс,0.043122035360069
рид,0.043122035360069
дaШ,0.043122035360069
aШa,0.043122035360069
тeТ,0.043122035360069
eТо,0.043122035360069
ТоР,0.043122035360069
РиЦ,0.043122035360069
ЃиН,0.043122035360069
Соо,0.043122035360069
ооС,0.043122035360069
оРЏ,0.043122035360069
РЏa,0.043122035360069
Џaс,0.043122035360069
Ѓaд,0.043122035360069
aдС,0.043122035360069
дСa,0.043122035360069
Втe,0.043122035360069
ЃeС,0.043122035360069
eСe,0.043122035360069
тии,0.043122035360069
ииЅ,0.043122035360069
иЅe,0.043122035360069
Ѕeр,0.043122035360069
eрИ,0.043122035360069
рИи,0.043122035360069
ИиЛ,0.043122035360069
ЦaЏ,0.043122035360069
aЏe,0.043122035360069
Џeт,0.043122035360069
eтe,0.043122035360069
тeо,0.043122035360069
оЗe,0.043122035360069
Зeд,0.043122035360069
ЃиЗ,0.043122035360069
иЗи,0.043122035360069
ЅиН,0.043122035360069
СЃe,0.043122035360069
Тaс,0.043122035360069
aсЛ,0.043122035360069
сЛa,0.043122035360069
Лaс,0.043122035360069
ЃоЃ,0.043122035360069
дaЃ,0.043122035360069
Ѓee,0.043122035360069
eeс,0.043122035360069
eсa,0.043122035360069
ТоТ,0.043122035360069
НaЕ,0.043122035360069
aтР,0.043122035360069
ИтЈ,0.043122035360069
тЈИ,0.043122035360069
ЈИЈ,0.043122035360069
ИЈи,0.043122035360069
ЈиЗ,0.043122035360069
рeО,0.043122035360069
eОН,0.043122035360069
ОНa,0.043122035360069
риЦ,0.043122035360069
иИЃ,0.043122035360069
ЃaЃ,0.043122035360069
отВ,0.043122035360069
тВт,0.043122035360069
ТeТ,0.043122035360069
ТeЏ,0.043122035360069
eЏо,0.043122035360069
осС,0.043122035360069
Еоо,0.043122035360069
оод,0.043122035360069
Нди,0.043122035360069
дис,0.043122035360069
тиИ,0.043122035360069
ИeР,0.043122035360069
РaЛ,0.043122035360069
доЦ,0.043122035360069
оЦК,0.043122035360069
ЦКи,0.043122035360069
КиЃ,0.043122035360069
ЃeЕ,0.043122035360069
тaЗ,0.043122035360069
орЗ,0.043122035360069
рЗa,0.043122035360069
оид,0.043122035360069
идр,0.043122035360069
дрЈ,0.043122035360069
рЈЕ,0.043122035360069
ЈЕи,0.043122035360069
орО,0.043122035360069
рОи,0.043122035360069
ИeС,0.043122035360069
осИ,0.043122035360069
сИр,0.043122035360069
Ирe,0.043122035360069
сЃe,0.043122035360069
Ѓeр,0.043122035360069
eрe,0.043122035360069
Сод,0.043122035360069
дaЏ,0.043122035360069
aЏЃ,0.043122035360069
СЃи,0.043122035360069
Иeи,0.043122035360069
НЦe,0.043122035360069
ЦeН,0.043122035360069
НaТ,0.043122035360069
aТС,0.043122035360069
ТСЕ,0.043122035360069
aтр,0.043122035360069
рaЕ,0.043122035360069
aЕa,0.043122035360069
ЕaИ,0.043122035360069
Иeт,0.043122035360069
eтр,0.043122035360069
трЕ,0.043122035360069
рЕЃ,0.043122035360069
ТиЛ,0.043122035360069
aсИ,0.043122035360069
сИe,0.043122035360069
Иeо,0.043122035360069
aТР,0.043122035360069
ТРa,0.043122035360069
Рaс,0.043122035360069
aсд,0.043122035360069
сдa,0.043122035360069
СeЈ,0.043122035360069
eЈЃ,0.043122035360069
ЈЃи,0.043122035360069
ЃиВ,0.043122035360069
иВт,0.043122035360069
ВтТ,0.043122035360069
тТТ,0.043122035360069
ТТо,0.043122035360069
Тор,0.043122035360069
иЦТ,0.043122035360069
ЦТр,0.043122035360069
ртС,0.043122035360069
aТН,0.043122035360069
ТНо,0.043122035360069
НоВ,0.043122035360069
оВт,0.043122035360069
тоТ,0.043122035360069
оТи,0.043122035360069
Тиe,0.043122035360069
иeК,0.043122035360069
eКи,0.043122035360069
КиС,0.043122035360069
Еaс,0.043122035360069
иЃТ,0.043122035360069
ЃТи,0.043122035360069
Ѓeо,0.043122035360069
дeЃ,0.043122035360069
eЃИ,0.043122035360069
ЃИe,0.043122035360069
Иee,0.043122035360069
eeС,0.043122035360069
СоЗ,0.043122035360069
оЗо,0.043122035360069
тИe,0.043122035360069
ЛоЗ,0.043122035360069
Зaр,0.043122035360069
aТс,0.043122035360069
ТсТ,0.043122035360069
ртЃ,0.043122035360069
ЛоК,0.043122035360069
оКe,0.043122035360069
КeЦ,0.043122035360069
ЃaЗ,0.043122035360069
ЗоЕ,0.043122035360069
ЕaТ,0.043122035360069
aТO,0.043122035360069
ТOК,0.043122035360069
OКe,0.043122035360069
Кeи,0.043122035360069
eит,0.043122035360069
итр,0.043122035360069
три,0.043122035360069
риЈ,0.043122035360069
иЈЊ,0.043122035360069
ЈЊд,0.043122035360069
Њдa,0.043122035360069
рee,0.043122035360069
eeЕ,0.043122035360069
eЕe,0.043122035360069
Еит,0.043122035360069
тea,0.043122035360069
eaЦ,0.043122035360069
aЦЗ,0.043122035360069
aЃО,0.043122035360069
ЃОи,0.043122035360069
сeЃ,0.043122035360069
ЃeЛ,0.043122035360069
Лри,0.043122035360069
риР,0.043122035360069
aтe,0.043122035360069
тeЦ,0.043122035360069
eЦи,0.043122035360069
Цит,0.043122035360069
Иои,0.043122035360069
ЕоЛ,0.043122035360069
оЛА,0.043122035360069
ЏИо,0.043122035360069
осЈ,0.043122035360069
сЈС,0.043122035360069
Сaa,0.043122035360069
рор,0.043122035360069
риН,0.043122035360069
иНи,0.043122035360069
Нир,0.043122035360069
aтЃ,0.043122035360069
СЕи,0.043122035360069
Еис,0.043122035360069
исЦ,0.043122035360069
ИоЛ,0.043122035360069
ЛоИ,0.043122035360069
оИЦ,0.043122035360069
ИЦо,0.043122035360069
ЦоЃ,0.043122035360069
ОиЃ,0.043122035360069
тои,0.043122035360069
оиЏ,0.043122035360069
тиe,0.043122035360069
иeН,0.043122035360069
ТЈо,0.043122035360069
Јод,0.043122035360069
одд,0.043122035360069
ддa,0.043122035360069
дaд,0.043122035360069
оЏe,0.043122035360069
Тио,0.043122035360069
отР,0.043122035360069
Исa,0.043122035360069
рaО,0.043122035360069
aОe,0.043122035360069
ОeЕ,0.043122035360069
